Description,Price
"Apple iPhone 8, 64GB, Space Gray - Fully Unlocked (Renewed)",$249.00
"Apple iPhone XR, 64GB, Black - Fully Unlocked (Renewed)",$454.99
"Apple iPhone 11, 128GB, Black - Fully Unlocked (Renewed)",$829.00
"Apple iPhone 8 Plus, 64GB, Space Gray - Fully Unlocked (Renewed)",$399.00
"Apple iPhone X, 64GB, Space Gray - Fully Unlocked (Renewed)",$449.00
"Apple iPhone XS, 64GB, Space Gray - Fully Unlocked (Renewed)",$470.00
"Apple iPhone XS Max, 64GB, Gold - Fully Unlocked (Renewed)",$619.00
"Apple iPhone 11 Pro Max, 64GB, Midnight Green - Fully Unlocked (Renewed)","$1,044.00"
"Apple iPhone 7, 128GB, Rose Gold - For AT&T / T-Mobile (Renewed)",$219.91
Apple iPhone 7 Matte Black 32GB Verizon Unlocked (Renewed),$229.99
"Apple iPhone 8 Plus, 64GB, Space Gray - For AT&T / T-Mobile (Renewed)",$384.00
"Apple iPhone 7 Plus, 128GB, Black - For AT&T / T-Mobile (Renewed)",$330.99
"Apple iPhone 11 Pro, 64GB, Gold - Fully Unlocked (Renewed)",$799.95
Wireless Earbuds Bluetooth 5.0 Headphones 3D Stereo Noise Canceling Headset Auto Paring Sport Bluetooth Earbuds with Fast Charging Case for Apple AirPods pro iPhone Android in-Ear Earphones,$39.97
Wireless Earbuds Headphones Bluetooth Earbud 5.0 Ear Buds with Mic Smart Noise Reduction (Fast Charging Case) Pop-Up Auto Pairing Wireless Earbuds,$39.99
"Wireless Earbuds, Bluetooth 5.0 Noise Reduction Headphones,in-Ear Earphones，IPX5 Waterproof Headphones with Built-in Microphone, Suitable for iPhone/Android  Bluetooth Earbuds（White）",$39.98
"Wireless Earbuds Bluetooth 5.0 Headphones IPX5 Waterproof in-Ear 3D Stereo Noise Canceling Headsets 24H Loop Playback Time, Built-in Mic and Fast Mini Charging Case for iPhone/Android/Apple Airpods",$39.99
